Lon,Lat,Time
-97.65785718662204,31.04494996157486,2024-04-05T05:21:49Z
-97.65781065989381,31.04508610895955,2024-04-05T05:21:50Z
-97.65776264517746,31.04521946890684,2024-04-05T05:21:51Z
-97.65771354649807,31.045356544085223,2024-04-05T05:21:52Z
-97.65766238203733,31.045498978086485,2024-04-05T05:21:53Z
-97.65761005657828,31.045646968646928,2024-04-05T05:21:54Z
-97.65755717798515,31.04580043266143,2024-04-05T05:21:55Z
-97.65750124602194,31.04596090231902,2024-04-05T05:21:56Z
-97.65744331743898,31.04612505791456,2024-04-05T05:21:57Z
-97.65738365604038,31.046292545117364,2024-04-05T05:21:58Z
-97.65732239760199,31.046463738502908,2024-04-05T05:21:59Z
-97.65725955561923,31.046636199016397,2024-04-05T05:22:00Z
-97.65719477858586,31.046811730564276,2024-04-05T05:22:01Z
-97.65713272844741,31.04698999159734,2024-04-05T05:22:02Z
-97.65706988478648,31.047167620782517,2024-04-05T05:22:03Z
-97.65700592985588,31.047344943474688,2024-04-05T05:22:04Z
-97.65694233455154,31.047521894724042,2024-04-05T05:22:05Z
-97.65687900723943,31.047699825978704,2024-04-05T05:22:06Z
-97.65681787835025,31.04787854414922,2024-04-05T05:22:07Z
-97.65675674961801,31.048057044760522,2024-04-05T05:22:08Z
-97.65669552348325,31.048234809471264,2024-04-05T05:22:09Z
-97.65663380428578,31.048412603623703,2024-04-05T05:22:10Z
-97.65657067334756,31.04859049373179,2024-04-05T05:22:11Z
-97.65650731659677,31.04876886513986,2024-04-05T05:22:12Z
-97.65644322952176,31.048947043028186,2024-04-05T05:22:13Z
-97.65637997031746,31.04912470537245,2024-04-05T05:22:14Z
-97.6563171103371,31.049301763328433,2024-04-05T05:22:15Z
-97.65625488181914,31.049478483252415,2024-04-05T05:22:16Z
-97.65619247233042,31.049656135467778,2024-04-05T05:22:17Z
-97.65612954955732,31.049835013215876,2024-04-05T05:22:18Z
-97.65606413486346,31.050011691513937,2024-04-05T05:22:19Z
-97.65600043919927,31.050186496834556,2024-04-05T05:22:20Z
-97.65593763536552,31.050361973223747,2024-04-05T05:22:21Z
-97.65587485417876,31.050539444637558,2024-04-05T05:22:22Z
-97.65581189139111,31.050717014553804,2024-04-05T05:22:23Z
-97.65574925766636,31.05089411612651,2024-04-05T05:22:24Z
-97.65568658643997,31.051071710177215,2024-04-05T05:22:25Z
-97.65562371725672,31.05124772925724,2024-04-05T05:22:26Z
-97.65556103132796,31.051423268308138,2024-04-05T05:22:27Z
-97.65549884036282,31.051598290104746,2024-04-05T05:22:28Z
-97.65543596162655,31.05177305778028,2024-04-05T05:22:29Z
-97.6553732053033,31.051948189623204,2024-04-05T05:22:30Z
-97.65531052046778,31.05212230061788,2024-04-05T05:22:31Z
-97.65524835215115,31.052294880082155,2024-04-05T05:22:32Z
-97.65518605878283,31.052465222485925,2024-04-05T05:22:33Z
-97.65512413845384,31.05263308829737,2024-04-05T05:22:34Z
-97.65506327047571,31.052799172364423,2024-04-05T05:22:35Z
-97.65500444420925,31.052964116898316,2024-04-05T05:22:36Z
-97.65494994286632,31.053127770920177,2024-04-05T05:22:37Z
-97.65489957648367,31.053290713256036,2024-04-05T05:22:38Z
-97.65485330877188,31.053453530426115,2024-04-05T05:22:39Z
-97.65481049608728,31.053613222492302,2024-04-05T05:22:40Z
-97.65477097106512,31.05376967081589,2024-04-05T05:22:41Z
-97.65473552299696,31.053924319394795,2024-04-05T05:22:42Z
-97.65470356022534,31.05407841048104,2024-04-05T05:22:43Z
-97.65467103377031,31.054232974277667,2024-04-05T05:22:44Z
-97.65463108100025,31.05438646791363,2024-04-05T05:22:45Z
-97.65458492428012,31.054539533537067,2024-04-05T05:22:46Z
-97.65454295153758,31.054694557287498,2024-04-05T05:22:47Z
-97.65450577864964,31.05484962398777,2024-04-05T05:22:48Z
-97.6544651323203,31.055005590125145,2024-04-05T05:22:49Z
-97.65442175525895,31.055158976331306,2024-04-05T05:22:50Z
-97.65437538581631,31.05530566098528,2024-04-05T05:22:51Z
-97.65432926745684,31.05544816784458,2024-04-05T05:22:52Z
-97.65428384608614,31.05558570002216,2024-04-05T05:22:53Z
-97.65423953904622,31.055709642657487,2024-04-05T05:22:54Z
-97.6542022034646,31.055814843749552,2024-04-05T05:22:55Z
-97.65417239274093,31.05589600245745,2024-04-05T05:22:56Z
-97.65415137602896,31.055951614009857,2024-04-05T05:22:57Z
-97.65413588505317,31.055987523976523,2024-04-05T05:22:58Z
-97.65412361048921,31.05600969657497,2024-04-05T05:22:59Z
-97.65411156810968,31.056027551992386,2024-04-05T05:23:00Z
-97.65408956569904,31.05605318945401,2024-04-05T05:23:02Z
-97.65406490410368,31.056079641607674,2024-04-05T05:23:03Z
-97.65407007023296,31.056118451170722,2024-04-05T05:23:04Z
-97.65404797568023,31.056144585902192,2024-04-05T05:23:05Z
-97.65387070258983,31.056114508768452,2024-04-05T05:23:06Z
-97.65379572098294,31.05610110265116,2024-04-05T05:23:07Z
-97.65371980686045,31.056078463887523,2024-04-05T05:23:08Z
-97.65363325700893,31.05605084338563,2024-04-05T05:23:09Z
-97.65352975267734,31.056017038601478,2024-04-05T05:23:10Z
-97.65340845811326,31.055979236654245,2024-04-05T05:23:11Z
-97.65327316578666,31.055938043972773,2024-04-05T05:23:12Z
-97.65312270136701,31.055892679410466,2024-04-05T05:23:13Z
-97.65296124264323,31.05584412713864,2024-04-05T05:23:14Z
-97.6528033254258,31.05579668203289,2024-04-05T05:23:15Z
-97.65264342103387,31.055749884170492,2024-04-05T05:23:16Z
-97.65247757984133,31.055700683860103,2024-04-05T05:23:17Z
-97.6523033229447,31.055648623184506,2024-04-05T05:23:18Z
-97.65212321373822,31.055594531934194,2024-04-05T05:23:19Z
-97.65193738084834,31.05553982293183,2024-04-05T05:23:20Z
-97.6517446358728,31.055485485446464,2024-04-05T05:23:21Z
-97.65154901816062,31.05542948062383,2024-04-05T05:23:22Z
-97.65135178752757,31.05537168687666,2024-04-05T05:23:23Z
-97.6511519997099,31.05531239437725,2024-04-05T05:23:24Z
-97.65095084404095,31.0552532634691,2024-04-05T05:23:25Z
-97.6507495940831,31.055193943832943,2024-04-05T05:23:26Z
-97.65054867817679,31.05513441097198,2024-04-05T05:23:27Z
-97.65034745627669,31.05507513103732,2024-04-05T05:23:28Z
-97.65014692493828,31.055016083776334,2024-04-05T05:23:29Z
-97.6499465281027,31.05495719693224,2024-04-05T05:23:30Z
-97.64974642913816,31.054898300134198,2024-04-05T05:23:31Z
-97.64954692138822,31.054840047038063,2024-04-05T05:23:32Z
-97.64934908126699,31.05477672953858,2024-04-05T05:23:33Z
-97.64915574387894,31.054703032576505,2024-04-05T05:23:34Z
-97.64896798835018,31.054620275491065,2024-04-05T05:23:35Z
-97.64878640682072,31.05452936588189,2024-04-05T05:23:36Z
-97.64861020106987,31.054430903475634,2024-04-05T05:23:37Z
-97.64844014334412,31.054324838494498,2024-04-05T05:23:38Z
-97.64827585516105,31.054211166349962,2024-04-05T05:23:39Z
-97.64811938877894,31.054090568290867,2024-04-05T05:23:40Z
-97.64796874505109,31.053963195758623,2024-04-05T05:23:41Z
-97.64782024650245,31.053832220958398,2024-04-05T05:23:42Z
-97.64767050832936,31.053701282860988,2024-04-05T05:23:43Z
-97.64752041078667,31.05357129256944,2024-04-05T05:23:44Z
-97.64737628390031,31.053446016335922,2024-04-05T05:23:45Z
-97.64723725722241,31.053325551418734,2024-04-05T05:23:46Z
-97.6471000684956,31.05320952921923,2024-04-05T05:23:47Z
-97.64696171477752,31.053103759241043,2024-04-05T05:23:48Z
-97.64682196476154,31.053007933100112,2024-04-05T05:23:49Z
-97.64668499361474,31.052921746978814,2024-04-05T05:23:50Z
-97.64655686746806,31.05284386155267,2024-04-05T05:23:51Z
-97.64644055054204,31.05277537537045,2024-04-05T05:23:52Z
-97.64633068251396,31.052716931087005,2024-04-05T05:23:53Z
-97.64628528230054,31.052600992461393,2024-04-05T05:23:54Z
-97.646259855961,31.052499329251038,2024-04-05T05:23:55Z
-97.64626439106459,31.052394818059952,2024-04-05T05:23:56Z
-97.64625398454078,31.05228982707561,2024-04-05T05:23:57Z
-97.64633439362657,31.05218357984344,2024-04-05T05:23:58Z
-97.64638378371272,31.0520734966221,2024-04-05T05:23:59Z
-97.64643880837944,31.051959250408295,2024-04-05T05:24:00Z
-97.64649703513395,31.051841015295654,2024-04-05T05:24:01Z
-97.64655657283366,31.051715842961364,2024-04-05T05:24:02Z
-97.64661835918612,31.051584560357075,2024-04-05T05:24:03Z
-97.64668353017562,31.05144684871885,2024-04-05T05:24:04Z
-97.6467510640773,31.05130399542493,2024-04-05T05:24:05Z
-97.64682298088155,31.051155644594274,2024-04-05T05:24:06Z
-97.64690168574101,31.051006662358855,2024-04-05T05:24:07Z
-97.64697468552647,31.05085387410472,2024-04-05T05:24:08Z
-97.64704902692777,31.0507002557918,2024-04-05T05:24:09Z
-97.64712414201827,31.05054626712452,2024-04-05T05:24:10Z
-97.64719829110453,31.050392642088664,2024-04-05T05:24:11Z
-97.64727168190205,31.050240361288196,2024-04-05T05:24:12Z
-97.64734442967072,31.050088738250544,2024-04-05T05:24:13Z
-97.64742060100737,31.049939058417035,2024-04-05T05:24:14Z
-97.64750412214428,31.049794934506316,2024-04-05T05:24:15Z
-97.64759215136266,31.04965594946118,2024-04-05T05:24:16Z
-97.64768435407649,31.04952005481661,2024-04-05T05:24:17Z
-97.64778006930901,31.049388132701985,2024-04-05T05:24:18Z
-97.64788213509644,31.049264139772497,2024-04-05T05:24:19Z
-97.64799178724182,31.049142719266264,2024-04-05T05:24:20Z
-97.64810783868543,31.0490236826744,2024-04-05T05:24:21Z
-97.64823198402526,31.048907413779528,2024-04-05T05:24:22Z
-97.64836411612347,31.048792471048667,2024-04-05T05:24:23Z
-97.64850329601231,31.048679764362213,2024-04-05T05:24:24Z
-97.64865221362699,31.04856924770371,2024-04-05T05:24:25Z
-97.64880643884787,31.04846149156885,2024-04-05T05:24:26Z
-97.64896531865732,31.048358749624423,2024-04-05T05:24:27Z
-97.64912870441067,31.048259828985923,2024-04-05T05:24:28Z
-97.64929249475857,31.04816110878872,2024-04-05T05:24:29Z
-97.64945398826158,31.04806159475783,2024-04-05T05:24:30Z
-97.64961409907916,31.0479609754597,2024-04-05T05:24:31Z
-97.64977368158021,31.047860493964997,2024-04-05T05:24:32Z
-97.64993448672908,31.04776231669306,2024-04-05T05:24:33Z
-97.65009417079905,31.047663700274878,2024-04-05T05:24:34Z
-97.65025324022719,31.047566282218913,2024-04-05T05:24:35Z
-97.65040993205412,31.047468385632417,2024-04-05T05:24:36Z
-97.6505676965708,31.047369745859925,2024-04-05T05:24:37Z
-97.6507252832792,31.04726990960845,2024-04-05T05:24:38Z
-97.65088394202222,31.047171287993347,2024-04-05T05:24:39Z
-97.6510425139379,31.04707172969191,2024-04-05T05:24:40Z
-97.65120307252525,31.046971303068744,2024-04-05T05:24:41Z
-97.65136048328446,31.046870267201236,2024-04-05T05:24:42Z
-97.65152001766225,31.04676975575241,2024-04-05T05:24:43Z
-97.65168434121904,31.046671493842627,2024-04-05T05:24:44Z
-97.65184822108188,31.04657253159124,2024-04-05T05:24:45Z
-97.65200995859156,31.04647190719293,2024-04-05T05:24:46Z
-97.65216995080046,31.0463708318583,2024-04-05T05:24:47Z
-97.65232844930834,31.046269399470283,2024-04-05T05:24:48Z
-97.65248277888813,31.046167851519606,2024-04-05T05:24:49Z
-97.6526365293472,31.04606710107253,2024-04-05T05:24:50Z
-97.65278775944135,31.045965509359455,2024-04-05T05:24:51Z
-97.65293405723455,31.04586154375999,2024-04-05T05:24:52Z
-97.65307728645892,31.04575605244763,2024-04-05T05:24:53Z
-97.65321785670614,31.045648003583736,2024-04-05T05:24:54Z
-97.65335646829396,31.045537229447447,2024-04-05T05:24:55Z
-97.65349440312481,31.045425483739177,2024-04-05T05:24:56Z
-97.65363040207268,31.045311571996653,2024-04-05T05:24:57Z
-97.65376555073891,31.045196281514205,2024-04-05T05:24:58Z
-97.65389975659888,31.04508016303293,2024-04-05T05:24:59Z
-97.65403634589252,31.044964069973947,2024-04-05T05:25:00Z
-97.65417259264646,31.044849129816804,2024-04-05T05:25:01Z
-97.65431050317095,31.044733451087776,2024-04-05T05:25:02Z
-97.65444683266246,31.044617820416867,2024-04-05T05:25:03Z
-97.65458239571336,31.044500957626013,2024-04-05T05:25:04Z
-97.6547187816291,31.044381048089196,2024-04-05T05:25:05Z
-97.6548553810333,31.04426240650869,2024-04-05T05:25:06Z
-97.65499252443878,31.044145989325198,2024-04-05T05:25:07Z
-97.65513217242413,31.04403049215156,2024-04-05T05:25:08Z
-97.65526753504133,31.04391208375761,2024-04-05T05:25:09Z
-97.65540407985141,31.043792978566174,2024-04-05T05:25:10Z
-97.65554018816823,31.043672677970864,2024-04-05T05:25:11Z
-97.65567265804447,31.043551263952565,2024-04-05T05:25:12Z
-97.65580613613255,31.04343301919537,2024-04-05T05:25:13Z
-97.65594070168123,31.04331893911454,2024-04-05T05:25:14Z
-97.65606690882564,31.043220739451865,2024-04-05T05:25:15Z
-97.65619554251012,31.04313878366147,2024-04-05T05:25:16Z
-97.65632078101785,31.043059723776324,2024-04-05T05:25:17Z
-97.65647634260618,31.043034384549255,2024-04-05T05:25:18Z
-97.65662415232988,31.043000480284704,2024-04-05T05:25:19Z
-97.65678254278417,31.043029754988698,2024-04-05T05:25:20Z
-97.65693210220542,31.043067596499906,2024-04-05T05:25:21Z
-97.65706832686661,31.043130655370607,2024-04-05T05:25:22Z
-97.65718771358165,31.043215243132774,2024-04-05T05:25:23Z
-97.65728036250673,31.043319382406406,2024-04-05T05:25:24Z
-97.65735017473348,31.04343245565051,2024-04-05T05:25:25Z
-97.65742378571068,31.043538380556704,2024-04-05T05:25:26Z
-97.65751782347743,31.043631882575188,2024-04-05T05:25:27Z
-97.65761828844313,31.043711555209654,2024-04-05T05:25:28Z
-97.65772579779403,31.043774511536085,2024-04-05T05:25:29Z
-97.65783150693183,31.043821876415066,2024-04-05T05:25:30Z
-97.65792518559212,31.04383474181494,2024-04-05T05:25:31Z
-97.65799137369497,31.043851576939236,2024-04-05T05:25:32Z
-97.65803401059134,31.04386242177409,2024-04-05T05:25:33Z
-97.65806333112984,31.043869761785885,2024-04-05T05:25:34Z
-97.65808603259708,31.04387499318039,2024-04-05T05:25:35Z
-97.65811064333143,31.043880664548844,2024-04-05T05:25:37Z
-97.65813307118822,31.043885832906163,2024-04-05T05:25:39Z
-97.65815749076022,31.043891460238303,2024-04-05T05:25:40Z
-97.65819304552363,31.043899653588426,2024-04-05T05:25:41Z
-97.65820791846689,31.043915146365457,2024-04-05T05:25:42Z
-97.65816262201714,31.04407510561454,2024-04-05T05:25:43Z
-97.65813827465948,31.044141057875343,2024-04-05T05:25:44Z
-97.6581162805451,31.04420580945718,2024-04-05T05:25:45Z
-97.65809396673951,31.04426651366417,2024-04-05T05:25:46Z
-97.65807007687228,31.044333576418545,2024-04-05T05:25:47Z
-97.65804149751692,31.04441498816387,2024-04-05T05:25:48Z
-97.65800917770622,31.044507774681897,2024-04-05T05:25:49Z
-97.65797200935285,31.044613507337314,2024-04-05T05:25:50Z
-97.65793200656003,31.044731150376887,2024-04-05T05:25:51Z
-97.65788818913991,31.04486080003996,2024-04-05T05:25:52Z
-97.65783778284782,31.045001342566795,2024-04-05T05:25:53Z
-97.657784128714,31.0451524789357,2024-04-05T05:25:54Z
-97.65772857756478,31.045309016032288,2024-04-05T05:25:55Z
-97.6576778932683,31.04545837823357,2024-04-05T05:25:56Z
-97.65762757931262,31.045604271733087,2024-04-05T05:25:57Z
-97.6575765981388,31.045750085143688,2024-04-05T05:25:58Z
-97.65752389336272,31.045900243966674,2024-04-05T05:25:59Z
-97.65746843344303,31.046055145278814,2024-04-05T05:26:00Z
-97.65741220136687,31.04621469400274,2024-04-05T05:26:01Z
-97.65735352828077,31.04637938467309,2024-04-05T05:26:02Z
-97.65729409163833,31.046548260619005,2024-04-05T05:26:03Z
-97.65723259950781,31.046719175623505,2024-04-05T05:26:04Z
-97.65717067016712,31.046893603893732,2024-04-05T05:26:05Z
-97.65710788280371,31.047071387333894,2024-04-05T05:26:06Z
-97.6570442479735,31.047247706619675,2024-04-05T05:26:07Z
-97.65698068379662,31.04742329617283,2024-04-05T05:26:08Z
-97.65691682756491,31.047599570390517,2024-04-05T05:26:09Z
-97.65685643917732,31.04777554206228,2024-04-05T05:26:10Z
-97.65679647572581,31.047950805002454,2024-04-05T05:26:11Z
-97.65673579860221,31.048125509744075,2024-04-05T05:26:12Z
-97.6566732548862,31.04829977008013,2024-04-05T05:26:13Z
-97.65661054372616,31.048474159504135,2024-04-05T05:26:14Z
-97.65654923425487,31.048647612045787,2024-04-05T05:26:15Z
-97.65648806181757,31.048821104246798,2024-04-05T05:26:16Z
-97.65642710994267,31.048994697904682,2024-04-05T05:26:17Z
-97.6563656419905,31.049169166873536,2024-04-05T05:26:18Z
-97.65630345716605,31.049344892578745,2024-04-05T05:26:19Z
-97.65623988082267,31.049521672244435,2024-04-05T05:26:20Z
-97.6561760424363,31.049699715621884,2024-04-05T05:26:21Z
-97.65611174537406,31.049877299816156,2024-04-05T05:26:22Z
-97.65604715371778,31.05005297052283,2024-04-05T05:26:23Z
-97.65598357046426,31.0502299089588,2024-04-05T05:26:24Z
-97.65592031895143,31.050407665988917,2024-04-05T05:26:25Z
-97.65585757813342,31.050586304123645,2024-04-05T05:26:26Z
-97.65579535134928,31.050764344322456,2024-04-05T05:26:27Z
-97.65573437919467,31.050938612060392,2024-04-05T05:26:28Z
-97.65567410721673,31.051111011151878,2024-04-05T05:26:29Z
-97.65561431139926,31.051281732058435,2024-04-05T05:26:30Z
-97.65555467742678,31.051450967484268,2024-04-05T05:26:31Z
-97.65549563500083,31.051618892567408,2024-04-05T05:26:32Z
-97.65543630019205,31.05178666529062,2024-04-05T05:26:33Z
-97.65537663416112,31.051954207087093,2024-04-05T05:26:34Z
-97.6553168758309,31.052121204806294,2024-04-05T05:26:35Z
-97.65525678879509,31.052287312559457,2024-04-05T05:26:36Z
-97.65519702320525,31.05245280572291,2024-04-05T05:26:37Z
-97.65513864702811,31.05261717405604,2024-04-05T05:26:38Z
-97.65508138050512,31.0527766130861,2024-04-05T05:26:39Z
-97.655027182736,31.05292922427432,2024-04-05T05:26:40Z
-97.65497491139249,31.05308046940082,2024-04-05T05:26:41Z
-97.65492316726629,31.05323639152533,2024-04-05T05:26:42Z
-97.65487445414479,31.05339651420829,2024-04-05T05:26:43Z
-97.65483292422172,31.053557295547748,2024-04-05T05:26:44Z
-97.65479271500813,31.053720162452997,2024-04-05T05:26:45Z
-97.6547555638503,31.05388407846927,2024-04-05T05:26:46Z
-97.65472101142059,31.05404864070524,2024-04-05T05:26:47Z
-97.65468595392547,31.054212634068726,2024-04-05T05:26:48Z
-97.65464915313933,31.054372577265998,2024-04-05T05:26:49Z
-97.65460781511433,31.05453004035937,2024-04-05T05:26:50Z
-97.65456312540994,31.054686210591058,2024-04-05T05:26:51Z
-97.65451979394588,31.054839588438984,2024-04-05T05:26:52Z
-97.65447912038661,31.054990261486882,2024-04-05T05:26:53Z
-97.65443812779641,31.055136408802035,2024-04-05T05:26:54Z
-97.654393325363,31.055277208915584,2024-04-05T05:26:55Z
-97.65434895534568,31.055411315431375,2024-04-05T05:26:56Z
-97.65430670435632,31.05553771433306,2024-04-05T05:26:57Z
-97.65426602107513,31.05565435894204,2024-04-05T05:26:58Z
-97.654227252682,31.055757207776864,2024-04-05T05:26:59Z
-97.6541931147595,31.05584678751995,2024-04-05T05:27:00Z
-97.6541668687788,31.05591516666093,2024-04-05T05:27:01Z
-97.65415151929626,31.055955533716755,2024-04-05T05:27:02Z
-97.65414327201603,31.055975745644897,2024-04-05T05:27:03Z
-97.65413373059845,31.05599850000307,2024-04-05T05:27:05Z
-97.65412214615253,31.056018375250684,2024-04-05T05:27:07Z
-97.65410372917343,31.05604120046318,2024-04-05T05:27:08Z
-97.6540691352406,31.05607560237598,2024-04-05T05:27:09Z
-97.65406910826434,31.056120923434122,2024-04-05T05:27:10Z
-97.65394342884356,31.05611998882358,2024-04-05T05:27:11Z
-97.65386655347817,31.05611547597155,2024-04-05T05:27:12Z
-97.65379596149073,31.056097873796467,2024-04-05T05:27:13Z
-97.65372011217393,31.05607655477565,2024-04-05T05:27:14Z
-97.65363156929442,31.056049858384416,2024-04-05T05:27:15Z
-97.65352844466425,31.056018730761508,2024-04-05T05:27:16Z
-97.65341227121083,31.055982356698703,2024-04-05T05:27:17Z
-97.65328255301112,31.05594297946201,2024-04-05T05:27:18Z
-97.65313955258448,31.055899678758347,2024-04-05T05:27:19Z
-97.65298180462834,31.055853164623937,2024-04-05T05:27:20Z
-97.65281643576513,31.05580384163448,2024-04-05T05:27:21Z
-97.65265448891093,31.055755053119192,2024-04-05T05:27:22Z
-97.65249431509933,31.055708268972914,2024-04-05T05:27:23Z
-97.65232892198536,31.05565836311173,2024-04-05T05:27:24Z
-97.65215551850883,31.055606753065245,2024-04-05T05:27:25Z
-97.65197496228596,31.05555605028805,2024-04-05T05:27:26Z
-97.65179200415763,31.05550308332105,2024-04-05T05:27:27Z
-97.65160517793353,31.055448788160927,2024-04-05T05:27:28Z
-97.65141437494908,31.055392921117033,2024-04-05T05:27:29Z
-97.65121874192765,31.05533605331562,2024-04-05T05:27:30Z
-97.65102028107172,31.055278622874372,2024-04-05T05:27:31Z
-97.65081749103639,31.055219251784262,2024-04-05T05:27:32Z
-97.65061371085385,31.055158789775902,2024-04-05T05:27:33Z
-97.65041155967509,31.055101258371934,2024-04-05T05:27:34Z
-97.65020929982519,31.055040126427997,2024-04-05T05:27:35Z
-97.65000767903886,31.054980186191568,2024-04-05T05:27:36Z
-97.64980701907419,31.054920525503746,2024-04-05T05:27:37Z
-97.64960795809934,31.0548609583588,2024-04-05T05:27:38Z
-97.64940971900336,31.05480025748258,2024-04-05T05:27:39Z
-97.64921473912533,31.054731883352105,2024-04-05T05:27:40Z
-97.64902464379325,31.054652128417473,2024-04-05T05:27:41Z
-97.64884226613803,31.054564697930672,2024-04-05T05:27:42Z
-97.64866469557955,31.054468672234776,2024-04-05T05:27:43Z
-97.64849297537253,31.054365027787433,2024-04-05T05:27:44Z
-97.64832771171545,31.0542545084495,2024-04-05T05:27:45Z
-97.6481699719593,31.054137083370875,2024-04-05T05:27:46Z
-97.64802058994192,31.05401267489496,2024-04-05T05:27:47Z
-97.64787749356488,31.053885558074555,2024-04-05T05:27:48Z
-97.64773663688307,31.053761338712135,2024-04-05T05:27:49Z
-97.64759789000583,31.05364038257074,2024-04-05T05:27:50Z
-97.64746179933478,31.053522237582133,2024-04-05T05:27:51Z
-97.64732822425448,31.05340570158986,2024-04-05T05:27:52Z
-97.64719728778195,31.053293260046715,2024-04-05T05:27:53Z
-97.6470671088583,31.053185308934847,2024-04-05T05:27:54Z
-97.64693591809225,31.053082813192372,2024-04-05T05:27:55Z
-97.64680240151868,31.052989958344465,2024-04-05T05:27:56Z
-97.64666672685885,31.052908341881285,2024-04-05T05:27:57Z
-97.6465356187056,31.052833243082894,2024-04-05T05:27:58Z
-97.64641912495846,31.052758585774235,2024-04-05T05:27:59Z
-97.64632508808012,31.052670058005468,2024-04-05T05:28:00Z
-97.64626705025877,31.052567775215987,2024-04-05T05:28:01Z
-97.64625375674923,31.052459588495875,2024-04-05T05:28:02Z
-97.64626539737348,31.052349821123418,2024-04-05T05:28:03Z
-97.64630109103048,31.05224031559549,2024-04-05T05:28:04Z
-97.64635210145707,31.05212873561234,2024-04-05T05:28:05Z
-97.64640706883057,31.05201437303355,2024-04-05T05:28:06Z
-97.64646534079887,31.051893813645727,2024-04-05T05:28:07Z
-97.64652743781444,31.051768197392555,2024-04-05T05:28:08Z
-97.64658911138308,31.05163800785686,2024-04-05T05:28:09Z
-97.64665354543193,31.051502280439966,2024-04-05T05:28:10Z
-97.64672021141912,31.051362236390002,2024-04-05T05:28:11Z
-97.64678958998066,31.051218486342034,2024-04-05T05:28:12Z
-97.64686009122933,31.05107267030442,2024-04-05T05:28:13Z
-97.64693264591206,31.05092697874273,2024-04-05T05:28:14Z
-97.64700447668221,31.050782298259357,2024-04-05T05:28:15Z
-97.64707395361472,31.05063869277106,2024-04-05T05:28:16Z
-97.64714357733766,31.050496662693597,2024-04-05T05:28:17Z
-97.64721202462876,31.050356228171363,2024-04-05T05:28:18Z
-97.64727979871307,31.050218381779686,2024-04-05T05:28:19Z
-97.64735054909396,31.05008129357075,2024-04-05T05:28:20Z
-97.64742284183947,31.04994446196869,2024-04-05T05:28:21Z
-97.64749725928422,31.049808956963048,2024-04-05T05:28:22Z
-97.64757631459327,31.04967678290536,2024-04-05T05:28:23Z
-97.64766014953568,31.049547121332512,2024-04-05T05:28:24Z
-97.64774950837047,31.049420386467443,2024-04-05T05:28:25Z
-97.6478467775339,31.04929631735729,2024-04-05T05:28:26Z
-97.64795221569737,31.04917455836122,2024-04-05T05:28:27Z
-97.64806826155281,31.04905542593422,2024-04-05T05:28:28Z
-97.648191824502,31.04893844721112,2024-04-05T05:28:29Z
-97.64832207769336,31.0488236113343,2024-04-05T05:28:30Z
-97.64845707758043,31.048711278511135,2024-04-05T05:28:31Z
-97.64859973174912,31.048598492804956,2024-04-05T05:28:32Z
-97.64874898954727,31.048491745356255,2024-04-05T05:28:33Z
-97.64890437131803,31.048389727022908,2024-04-05T05:28:34Z
-97.64906766018977,31.048292477278835,2024-04-05T05:28:35Z
-97.6492293140956,31.048195050861104,2024-04-05T05:28:36Z
-97.64939009511183,31.048096293239045,2024-04-05T05:28:37Z
-97.64954952630475,31.047999070506197,2024-04-05T05:28:38Z
-97.64970772816983,31.047898960043224,2024-04-05T05:28:39Z
-97.64986559905503,31.047798601868546,2024-04-05T05:28:40Z
-97.65002262090528,31.04769893099132,2024-04-05T05:28:41Z
-97.65018141821147,31.047599353334256,2024-04-05T05:28:42Z
-97.65033850035852,31.04750042657435,2024-04-05T05:28:43Z
-97.65049567106487,31.04740242971928,2024-04-05T05:28:44Z
-97.65065168222733,31.04730505030176,2024-04-05T05:28:45Z
-97.65080888724948,31.04720780026292,2024-04-05T05:28:46Z
-97.65096575588088,31.047110672583145,2024-04-05T05:28:47Z
-97.65112364372145,31.047013891598993,2024-04-05T05:28:48Z
-97.65127884121237,31.046917308537402,2024-04-05T05:28:49Z
-97.65143225940481,31.046818445472297,2024-04-05T05:28:50Z
-97.65158863767014,31.046722727811925,2024-04-05T05:28:51Z
-97.65174743944559,31.04662837380395,2024-04-05T05:28:52Z
-97.65190434870183,31.04653003740136,2024-04-05T05:28:53Z
-97.65206136753562,31.046430464746468,2024-04-05T05:28:54Z
-97.65221643179189,31.0463323235368,2024-04-05T05:28:55Z
-97.65236917674264,31.046233787214902,2024-04-05T05:28:56Z
-97.65251898665511,31.046136748167136,2024-04-05T05:28:57Z
-97.65266673726562,31.04603994428362,2024-04-05T05:28:58Z
-97.6528105629417,31.04594169337075,2024-04-05T05:28:59Z
-97.65295077644939,31.045840451056606,2024-04-05T05:29:00Z
-97.65308710151491,31.0457380347807,2024-04-05T05:29:01Z
-97.65322176951354,31.04563502223284,2024-04-05T05:29:02Z
-97.65335496876273,31.045529336598445,2024-04-05T05:29:03Z
-97.65348667173384,31.04542137737434,2024-04-05T05:29:04Z
-97.6536201031855,31.045310213483514,2024-04-05T05:29:05Z
-97.65375500907855,31.045198065523184,2024-04-05T05:29:06Z
-97.65389019825466,31.045082886501003,2024-04-05T05:29:07Z
-97.65402768173371,31.0449634610477,2024-04-05T05:29:08Z
-97.65416682210254,31.044841945093342,2024-04-05T05:29:09Z
-97.65430898198451,31.044719868163913,2024-04-05T05:29:10Z
-97.65445491113735,31.044596910009805,2024-04-05T05:29:11Z
-97.65459931269409,31.0444699056312,2024-04-05T05:29:12Z
-97.65474711803932,31.04434314515553,2024-04-05T05:29:13Z
-97.65489556405205,31.044217422139297,2024-04-05T05:29:14Z
-97.65504531592346,31.04409075118138,2024-04-05T05:29:15Z
-97.6551921517388,31.04396457267804,2024-04-05T05:29:16Z
-97.65533509954166,31.04383840307395,2024-04-05T05:29:17Z
-97.65547759865305,31.043715266661927,2024-04-05T05:29:18Z
-97.65561974292542,31.04359403674422,2024-04-05T05:29:19Z
-97.65575938100086,31.04347287092405,2024-04-05T05:29:20Z
-97.65589339867431,31.043355801630277,2024-04-05T05:29:21Z
-97.65601778313498,31.043250605271346,2024-04-05T05:29:22Z
-97.65613801124951,31.043161491116663,2024-04-05T05:29:23Z
-97.65627009524734,31.0430924758227,2024-04-05T05:29:24Z
-97.65640932380852,31.04304274133568,2024-04-05T05:29:25Z
-97.65655500127461,31.043016705032024,2024-04-05T05:29:26Z
-97.65670819404663,31.0430160724821,2024-04-05T05:29:27Z
-97.65686079252798,31.043041121318865,2024-04-05T05:29:28Z
-97.65700482891316,31.04309264928817,2024-04-05T05:29:29Z
-97.65713395666502,31.043168314007854,2024-04-05T05:29:30Z
-97.65723669888098,31.043268442720468,2024-04-05T05:29:31Z
-97.65731797425383,31.043378465936595,2024-04-05T05:29:32Z
-97.65738749565583,31.043487685075988,2024-04-05T05:29:33Z
-97.65746923822907,31.043588413523366,2024-04-05T05:29:34Z
-97.65756835434969,31.04367110721515,2024-04-05T05:29:35Z
-97.6576720907682,31.04373883982554,2024-04-05T05:29:36Z
-97.65777984931059,31.04379344185301,2024-04-05T05:29:37Z
-97.65787824923126,31.043831189874457,2024-04-05T05:29:38Z
-97.65795421498842,31.043856430536945,2024-04-05T05:29:39Z
-97.65800990485997,31.0438709635588,2024-04-05T05:29:40Z
-97.65804257223866,31.04387799548666,2024-04-05T05:29:41Z
-97.65806541493585,31.043882203541465,2024-04-05T05:29:42Z
-97.65809912546574,31.04389156260244,2024-04-05T05:29:44Z
-97.6581445408622,31.04388847600609,2024-04-05T05:29:46Z
-97.65818192554309,31.04389709105383,2024-04-05T05:29:47Z
-97.65820302404828,31.04391212895295,2024-04-05T05:29:48Z
-97.65816121377776,31.044062034980882,2024-04-05T05:29:49Z
-97.65814160410736,31.04412938034433,2024-04-05T05:29:50Z
-97.65811508830954,31.044202830942183,2024-04-05T05:29:51Z
-97.65809017559218,31.04426962385818,2024-04-05T05:29:52Z
-97.65806512629568,31.044339476661364,2024-04-05T05:29:53Z
-97.65803686628823,31.044417130246792,2024-04-05T05:29:54Z
-97.6580042697014,31.04450744889318,2024-04-05T05:29:55Z
-97.65796752181997,31.04461253303524,2024-04-05T05:29:56Z
-97.65792612059111,31.04473147982779,2024-04-05T05:29:57Z
-97.65788159168221,31.044862134233217,2024-04-05T05:29:58Z
-97.65783269148695,31.04500382009285,2024-04-05T05:29:59Z
-97.65778646790417,31.045138862593248,2024-04-05T05:30:00Z
-97.6577406905144,31.0452695697336,2024-04-05T05:30:01Z
-97.6576941259019,31.04540352017172,2024-04-05T05:30:02Z
-97.65764548016534,31.045543752316814,2024-04-05T05:30:03Z
-97.65759428923346,31.045690136897335,2024-04-05T05:30:04Z
-97.65754212749903,31.04584143944247,2024-04-05T05:30:05Z
-97.65748762457811,31.045996936446105,2024-04-05T05:30:06Z
-97.65743092362426,31.04615678860592,2024-04-05T05:30:07Z
-97.65737360355156,31.046319996488915,2024-04-05T05:30:08Z
-97.65731515014811,31.04648493365584,2024-04-05T05:30:09Z
-97.65725428367978,31.046649758245536,2024-04-05T05:30:10Z
-97.65719303065487,31.04681652214747,2024-04-05T05:30:11Z
-97.65713430420458,31.04698617869545,2024-04-05T05:30:12Z
-97.65707518704764,31.047156931901476,2024-04-05T05:30:13Z
-97.65701494801016,31.04732667407187,2024-04-05T05:30:14Z
-97.6569537102205,31.047494990491874,2024-04-05T05:30:15Z
-97.65689235973393,31.04766396580401,2024-04-05T05:30:16Z
-97.65683238395793,31.04783390071303,2024-04-05T05:30:17Z
-97.65677288056115,31.048005179777476,2024-04-05T05:30:18Z
-97.65671257278701,31.048177368098756,2024-04-05T05:30:19Z
-97.65665122588095,31.048351202328572,2024-04-05T05:30:20Z
-97.65658953255995,31.048525650021794,2024-04-05T05:30:21Z
-97.65652880372784,31.048701221025638,2024-04-05T05:30:22Z
-97.65646750749654,31.048877711395246,2024-04-05T05:30:23Z
-97.65640602947754,31.049054054357928,2024-04-05T05:30:24Z
-97.65634210614841,31.04923128464354,2024-04-05T05:30:25Z
-97.65627847251847,31.049408295152066,2024-04-05T05:30:26Z
-97.65621477245259,31.04958704510962,2024-04-05T05:30:27Z
-97.6561500431935,31.049766018690836,2024-04-05T05:30:28Z
-97.65608520800821,31.049942680513237,2024-04-05T05:30:29Z
-97.65602161615284,31.050120247564585,2024-04-05T05:30:30Z
-97.65596002949623,31.050298687468427,2024-04-05T05:30:31Z
-97.65589828163162,31.05047688585667,2024-04-05T05:30:32Z
-97.6558357955467,31.05065260328068,2024-04-05T05:30:33Z
-97.65577338821743,31.050825853423603,2024-04-05T05:30:34Z
-97.65571162353258,31.050997923537032,2024-04-05T05:30:35Z
-97.65565013040114,31.051169719572954,2024-04-05T05:30:36Z
-97.6555887605709,31.051340987600653,2024-04-05T05:30:37Z
-97.65552760417856,31.05151232529219,2024-04-05T05:30:38Z
-97.6554671860168,31.05168205584541,2024-04-05T05:30:39Z
-97.65540748101556,31.05185013805071,2024-04-05T05:30:40Z
-97.65534918348934,31.052016759170034,2024-04-05T05:30:41Z
-97.65529059434627,31.052180367371683,2024-04-05T05:30:42Z
-97.65523305137647,31.052342018298177,2024-04-05T05:30:43Z
-97.65517616288905,31.05250162181725,2024-04-05T05:30:44Z
-97.65511890195714,31.05266059088188,2024-04-05T05:30:45Z
-97.65506116596005,31.052818413187513,2024-04-05T05:30:46Z
-97.65500579744261,31.05297601221038,2024-04-05T05:30:47Z
-97.65495480888357,31.053132920627124,2024-04-05T05:30:48Z
-97.654906575981,31.053289998237886,2024-04-05T05:30:49Z
-97.65486230109363,31.053443857850713,2024-04-05T05:30:50Z
-97.65482106815118,31.05359240039536,2024-04-05T05:30:51Z
-97.65478463613479,31.053734291513138,2024-04-05T05:30:52Z
-97.65475018300715,31.05387940851327,2024-04-05T05:30:53Z
-97.65471697402886,31.054031644642546,2024-04-05T05:30:54Z
-97.65468354931471,31.054186259738366,2024-04-05T05:30:55Z
-97.65464484608343,31.05434139517008,2024-04-05T05:30:56Z
-97.65459940464955,31.05449694954694,2024-04-05T05:30:57Z
-97.65455415417108,31.05465449003951,2024-04-05T05:30:58Z
-97.65451461157699,31.054809657216765,2024-04-05T05:30:59Z
-97.65447592963076,31.05495874160844,2024-04-05T05:31:00Z
-97.65443664090661,31.055104738142177,2024-04-05T05:31:01Z
-97.6543950150317,31.055248813444948,2024-04-05T05:31:02Z
-97.65435133870004,31.055388428061544,2024-04-05T05:31:03Z
-97.65430682933963,31.055521037376398,2024-04-05T05:31:04Z
-97.65426410958405,31.055641025276845,2024-04-05T05:31:05Z
-97.65422541923166,31.0557441044936,2024-04-05T05:31:06Z
-97.65419144238841,31.055834218569682,2024-04-05T05:31:07Z
-97.65416323297126,31.055907134305208,2024-04-05T05:31:08Z
-97.65414365642432,31.05595741561369,2024-04-05T05:31:09Z
-97.65413034449409,31.05598719439444,2024-04-05T05:31:10Z
-97.65411788391924,31.056008878847752,2024-04-05T05:31:11Z
-97.65410524782168,31.056025720358825,2024-04-05T05:31:12Z
-97.6540933466983,31.056041126048243,2024-04-05T05:31:13Z
-97.65408044254065,31.056056122495793,2024-04-05T05:31:14Z
-97.65408218490053,31.056086002503523,2024-04-05T05:31:15Z
-97.6540688346812,31.056121627032418,2024-04-05T05:31:16Z
-97.65404629134146,31.056146531955996,2024-04-05T05:31:17Z
-97.65386421606243,31.05611289436578,2024-04-05T05:31:18Z
-97.65378587782506,31.05609448273733,2024-04-05T05:31:19Z
-97.65371158469337,31.056071386495006,2024-04-05T05:31:20Z
-97.6536295549872,31.05604479015873,2024-04-05T05:31:21Z
-97.65353232045653,31.056014302611196,2024-04-05T05:31:22Z
-97.6534190187754,31.055978599020023,2024-04-05T05:31:23Z
-97.65329118036645,31.055939671190732,2024-04-05T05:31:24Z
-97.653147675228,31.055897491840334,2024-04-05T05:31:25Z
-97.65299103302739,31.055851261025172,2024-04-05T05:31:26Z
-97.65282544076327,31.05580282085549,2024-04-05T05:31:27Z
-97.65266465310594,31.055755194870688,2024-04-05T05:31:28Z
-97.65250372861334,31.05570777579383,2024-04-05T05:31:29Z
-97.65233709044634,31.055659816535417,2024-04-05T05:31:30Z
-97.65216390588868,31.05561047546266,2024-04-05T05:31:31Z
-97.65198386435681,31.055557597696822,2024-04-05T05:31:32Z
-97.6517980883637,31.055504049649112,2024-04-05T05:31:33Z
-97.65160543791286,31.05544891003816,2024-04-05T05:31:34Z
-97.65140957423272,31.055392156822293,2024-04-05T05:31:35Z
-97.65121110404674,31.055333512893267,2024-04-05T05:31:36Z
-97.6510091678655,31.055274286724153,2024-04-05T05:31:37Z
-97.65080573911463,31.055213739562852,2024-04-05T05:31:38Z
-97.65060119830812,31.055153721615323,2024-04-05T05:31:39Z
-97.65039531476326,31.05509327851833,2024-04-05T05:31:40Z
-97.65018825381513,31.055033055190563,2024-04-05T05:31:41Z
-97.64998022025556,31.054973389060088,2024-04-05T05:31:42Z
-97.64977265426081,31.05491398059368,2024-04-05T05:31:43Z
-97.64956649612581,31.05485358427955,2024-04-05T05:31:44Z
-97.64936310974392,31.054788088253336,2024-04-05T05:31:45Z
-97.64916512706931,31.0547127186983,2024-04-05T05:31:46Z
-97.64897279136015,31.054627762215436,2024-04-05T05:31:47Z
-97.64878686215715,31.054534475188238,2024-04-05T05:31:48Z
-97.64860779859167,31.05443218016698,2024-04-05T05:31:49Z
-97.64843526327836,31.054324820548988,2024-04-05T05:31:50Z
-97.64826958086358,31.05421157114195,2024-04-05T05:31:51Z
-97.64811260587709,31.05409099915709,2024-04-05T05:31:52Z
-97.64796262576944,31.0539632339182,2024-04-05T05:31:53Z
-97.64781739568686,31.053831580316498,2024-04-05T05:31:54Z
-97.64766912086276,31.05370075654843,2024-04-05T05:31:55Z
-97.64751919961225,31.053571140626172,2024-04-05T05:31:56Z
-97.64737231195548,31.05344445582206,2024-04-05T05:31:57Z
-97.64723189875413,31.053323248551074,2024-04-05T05:31:58Z
-97.64709273425079,31.05320717121532,2024-04-05T05:31:59Z
-97.64695468597782,31.053097750344588,2024-04-05T05:32:00Z
-97.64681439212558,31.052999657577896,2024-04-05T05:32:01Z
-97.64667312448489,31.05291262949017,2024-04-05T05:32:02Z
-97.6465432683089,31.052839321545626,2024-04-05T05:32:03Z
-97.64643070877251,31.052768629750354,2024-04-05T05:32:04Z
-97.64634039198934,31.052682904002285,2024-04-05T05:32:05Z
-97.64627906408741,31.052586024608395,2024-04-05T05:32:06Z
-97.64625813347834,31.052482811395375,2024-04-05T05:32:07Z
-97.64626201027602,31.05237435961679,2024-04-05T05:32:08Z
-97.64625370606524,31.05226621079849,2024-04-05T05:32:09Z
-97.64633674276153,31.052158540630955,2024-04-05T05:32:10Z
-97.64639346472606,31.052047189738335,2024-04-05T05:32:11Z
-97.64645218820993,31.0519319056464,2024-04-05T05:32:12Z
-97.64651057451958,31.051810397245124,2024-04-05T05:32:13Z
-97.64656939254407,31.05168151316841,2024-04-05T05:32:14Z
-97.64663189533627,31.051547548199064,2024-04-05T05:32:15Z
-97.64669729657615,31.0514077627408,2024-04-05T05:32:16Z
-97.64676131550928,31.05126213358831,2024-04-05T05:32:17Z
-97.64684337592156,31.051124581682334,2024-04-05T05:32:18Z
-97.64690216915882,31.050973064950355,2024-04-05T05:32:19Z
-97.64697573841329,31.050826706130387,2024-04-05T05:32:20Z
-97.64705360245846,31.050686718815676,2024-04-05T05:32:21Z
-97.64711678170804,31.05053258007006,2024-04-05T05:32:22Z
-97.64718828305762,31.05038990775331,2024-04-05T05:32:23Z
-97.64725982695752,31.050253412814502,2024-04-05T05:32:24Z
-97.64733232444632,31.050112504959728,2024-04-05T05:32:25Z
-97.64740659783592,31.049971104453558,2024-04-05T05:32:26Z
-97.64748384397862,31.049830501942772,2024-04-05T05:32:27Z
-97.64756578912441,31.04969136081694,2024-04-05T05:32:28Z
-97.64765327435077,31.049553469356418,2024-04-05T05:32:29Z
-97.64774929502923,31.049418935610003,2024-04-05T05:32:30Z
-97.64785477829139,31.04928579097041,2024-04-05T05:32:31Z
-97.64797010654434,31.04915542853874,2024-04-05T05:32:32Z
-97.64809170133319,31.049026959105877,2024-04-05T05:32:33Z
-97.64822518002086,31.04890257903066,2024-04-05T05:32:34Z
-97.64836674936738,31.04878061342795,2024-04-05T05:32:35Z
-97.64851480634958,31.04866051337571,2024-04-05T05:32:36Z
-97.64867174921339,31.048542962328288,2024-04-05T05:32:37Z
-97.64883535017438,31.04843363760473,2024-04-05T05:32:38Z
-97.6490073780563,31.0483276342223,2024-04-05T05:32:39Z
-97.64918062841105,31.048222709177953,2024-04-05T05:32:40Z
-97.64935145213414,31.048116754781855,2024-04-05T05:32:41Z
-97.64952192233605,31.048010913842266,2024-04-05T05:32:42Z
-97.64969147452315,31.047905188235017,2024-04-05T05:32:43Z
-97.64986046260815,31.04780002969592,2024-04-05T05:32:44Z
-97.65002897906169,31.04769500145253,2024-04-05T05:32:45Z
-97.65019535006225,31.047590502362063,2024-04-05T05:32:46Z
-97.6503597263485,31.047488226500466,2024-04-05T05:32:47Z
-97.65052157992115,31.047386564113552,2024-04-05T05:32:48Z
-97.65068201831343,31.047284969894694,2024-04-05T05:32:49Z
-97.65084387562472,31.04718392857535,2024-04-05T05:32:50Z
-97.65100556088522,31.047081956679076,2024-04-05T05:32:51Z
-97.65116823385253,31.046980482726575,2024-04-05T05:32:52Z
-97.6513317059263,31.046877432889822,2024-04-05T05:32:53Z
-97.65149712909468,31.046772104790627,2024-04-05T05:32:54Z
-97.65166501710239,31.046669863328376,2024-04-05T05:32:55Z
-97.6518349992287,31.046567989403766,2024-04-05T05:32:56Z
-97.65200432653589,31.0464635051735,2024-04-05T05:32:57Z
-97.65217303410456,31.046357992054958,2024-04-05T05:32:58Z
-97.65233843792782,31.046249234848453,2024-04-05T05:32:59Z
-97.65250454205612,31.046141738271782,2024-04-05T05:33:00Z
-97.65266954816843,31.046033251630625,2024-04-05T05:33:01Z
-97.65283087349889,31.045922757100264,2024-04-05T05:33:02Z
-97.65298850755663,31.045809398033693,2024-04-05T05:33:03Z
-97.65314353532803,31.04569404316772,2024-04-05T05:33:04Z
-97.65329527405541,31.045576378301412,2024-04-05T05:33:05Z
-97.65344334530691,31.045454215591302,2024-04-05T05:33:06Z
-97.65359106952688,31.045330458880947,2024-04-05T05:33:07Z
-97.65373693236266,31.045204157471904,2024-04-05T05:33:08Z
-97.65388509151126,31.045078329810078,2024-04-05T05:33:09Z
-97.65403307188625,31.04495184426923,2024-04-05T05:33:10Z
-97.65418135791795,31.04482590757954,2024-04-05T05:33:11Z
-97.65432736442843,31.04470138707127,2024-04-05T05:33:12Z
-97.65447306817316,31.044578435733637,2024-04-05T05:33:13Z
-97.65461827997778,31.044454818907543,2024-04-05T05:33:14Z
-97.6547612910725,31.044330671992935,2024-04-05T05:33:15Z
-97.65490280688857,31.04420824356539,2024-04-05T05:33:16Z
-97.65504348623637,31.044083488291186,2024-04-05T05:33:17Z
-97.6551851448018,31.043960146188176,2024-04-05T05:33:18Z
-97.6553245165294,31.043837465052597,2024-04-05T05:33:19Z
-97.65546159201347,31.04371708483153,2024-04-05T05:33:20Z
-97.6555985219906,31.043598664858372,2024-04-05T05:33:21Z
-97.65573457523207,31.0434805742054,2024-04-05T05:33:22Z
-97.65586600765205,31.043367671842315,2024-04-05T05:33:23Z
-97.65598555226003,31.043266980174433,2024-04-05T05:33:24Z
-97.65610658636365,31.04317894107285,2024-04-05T05:33:25Z
-97.65623868446247,31.04310264840604,2024-04-05T05:33:26Z
-97.65638029586484,31.043045065773804,2024-04-05T05:33:27Z
-97.65653109191733,31.043013724141566,2024-04-05T05:33:28Z
-97.65668907405399,31.043010527545015,2024-04-05T05:33:29Z
-97.6568495129601,31.043035404487632,2024-04-05T05:33:30Z
-97.65699911174336,31.04308393524734,2024-04-05T05:33:31Z
-97.65712749121218,31.04316191099432,2024-04-05T05:33:32Z
-97.65723558206834,31.043258651880137,2024-04-05T05:33:33Z
-97.65731536479399,31.043371192541798,2024-04-05T05:33:34Z
-97.65738395438619,31.04348532289157,2024-04-05T05:33:35Z
-97.65746904181766,31.043584862495777,2024-04-05T05:33:36Z
-97.65756663147043,31.043671392931294,2024-04-05T05:33:37Z
-97.65767556177451,31.04374118665235,2024-04-05T05:33:38Z
-97.657788454513,31.043794904665866,2024-04-05T05:33:39Z
-97.65789193487717,31.043832814973733,2024-04-05T05:33:40Z
-97.65796715383514,31.043856701283932,2024-04-05T05:33:41Z
-97.65801415909853,31.043869485302828,2024-04-05T05:33:42Z
-97.65804473752046,31.043877311368533,2024-04-05T05:33:43Z
-97.65806554869444,31.043882291650874,2024-04-05T05:33:44Z
-97.65809675768666,31.043890391047483,2024-04-05T05:33:46Z
-97.6581289279617,31.04388487811918,2024-04-05T05:33:48Z
-97.65815703254033,31.04389135462898,2024-04-05T05:33:49Z
-97.65819119822126,31.04389922787973,2024-04-05T05:33:50Z
-97.65820322949365,31.043914050523444,2024-04-05T05:33:51Z
-97.65815331961336,31.044075964643223,2024-04-05T05:33:52Z
-97.65812968427693,31.044143588902465,2024-04-05T05:33:53Z
-97.65810756386067,31.044207506306684,2024-04-05T05:33:54Z
-97.65808554355505,31.04427202213245,2024-04-05T05:33:55Z
-97.65806150881544,31.04434487748506,2024-04-05T05:33:56Z
-97.65803269908825,31.0444310529427,2024-04-05T05:33:57Z
-97.65799940203782,31.044528548080148,2024-04-05T05:33:58Z
-97.65795860745884,31.044641476423067,2024-04-05T05:33:59Z
-97.65791443588972,31.04476825557208,2024-04-05T05:34:00Z
-97.65786737139523,31.044906311542352,2024-04-05T05:34:01Z
-97.65781890981944,31.04504553529746,2024-04-05T05:34:02Z
-97.6577727098383,31.045177863357512,2024-04-05T05:34:03Z
-97.65772839225414,31.045306806317758,2024-04-05T05:34:04Z
-97.65768232354274,31.045436849047473,2024-04-05T05:34:05Z
-97.65763235357349,31.045574099095457,2024-04-05T05:34:06Z
-97.65758037172446,31.04571758470561,2024-04-05T05:34:07Z
-97.65752703916418,31.045866435159024,2024-04-05T05:34:08Z
-97.65747323444349,31.04602087889352,2024-04-05T05:34:09Z
-97.65741735463764,31.046180410162506,2024-04-05T05:34:10Z
-97.65735943931944,31.046344677214886,2024-04-05T05:34:11Z
-97.65730083950716,31.046511133113235,2024-04-05T05:34:12Z
-97.65724133442616,31.046680108935536,2024-04-05T05:34:13Z
-97.65718071153344,31.046847041984616,2024-04-05T05:34:14Z
-97.65712177815448,31.047011123426852,2024-04-05T05:34:15Z
-97.65706278304575,31.047176185891495,2024-04-05T05:34:16Z
-97.65700417118148,31.047341812664413,2024-04-05T05:34:17Z
-97.65694554969107,31.047508143994115,2024-04-05T05:34:18Z
-97.65688694366371,31.047673324970624,2024-04-05T05:34:19Z
-97.65682828787938,31.04783950358331,2024-04-05T05:34:20Z
-97.65676926933446,31.048006164747324,2024-04-05T05:34:21Z
-97.65671149084432,31.04817272995323,2024-04-05T05:34:22Z
-97.65665338825863,31.048341358497368,2024-04-05T05:34:23Z
-97.65660053399048,31.048509936836354,2024-04-05T05:34:24Z
-97.65654206039389,31.048674484118283,2024-04-05T05:34:25Z
-97.65648780711275,31.048841757112335,2024-04-05T05:34:26Z
-97.65642516031664,31.049004816742773,2024-04-05T05:34:27Z
-97.656367180216,31.04916953813449,2024-04-05T05:34:28Z
-97.65630815938134,31.04932950951488,2024-04-05T05:34:29Z
-97.65625035998637,31.049488109153355,2024-04-05T05:34:30Z
-97.6561940518669,31.049644715012654,2024-04-05T05:34:31Z
-97.65613713612031,31.04980190073009,2024-04-05T05:34:32Z
-97.65607540962195,31.04995522934237,2024-04-05T05:34:33Z
-97.65602109117148,31.05011571809248,2024-04-05T05:34:34Z
-97.65596526524044,31.050276366194804,2024-04-05T05:34:35Z
-97.65590825298516,31.050439132504817,2024-04-05T05:34:36Z
-97.65585014856865,31.050602931635144,2024-04-05T05:34:37Z
-97.65579073560856,31.05076755968656,2024-04-05T05:34:38Z
-97.65573142752038,31.050930465613316,2024-04-05T05:34:39Z
-97.6556737812827,31.0510922003856,2024-04-05T05:34:40Z
-97.65561679776738,31.051252807593357,2024-04-05T05:34:41Z
-97.6555612114536,31.051413199471124,2024-04-05T05:34:42Z
-97.65550593965877,31.051573051080606,2024-04-05T05:34:43Z
-97.65544958780538,31.051731281249996,2024-04-05T05:34:44Z
-97.65538794194757,31.05188466075607,2024-04-05T05:34:45Z
-97.65533837102126,31.05204125551,2024-04-05T05:34:46Z
-97.65528766208145,31.05219888626072,2024-04-05T05:34:47Z
-97.65522996346267,31.052353241357046,2024-04-05T05:34:48Z
-97.65517258917987,31.052507776450835,2024-04-05T05:34:49Z
-97.65511305714112,31.05266272055481,2024-04-05T05:34:50Z
-97.65505493818648,31.052818979092226,2024-04-05T05:34:51Z
-97.65499853497508,31.052977062417533,2024-04-05T05:34:52Z
-97.65494481690928,31.053136376646304,2024-04-05T05:34:53Z
-97.65489240149428,31.053297565112203,2024-04-05T05:34:54Z
-97.65484515834326,31.053460994502128,2024-04-05T05:34:55Z
-97.65480207410934,31.05362277011804,2024-04-05T05:34:56Z
-97.65477382192591,31.05378220345904,2024-04-05T05:34:57Z
-97.65473020293395,31.053936235338345,2024-04-05T05:34:58Z
-97.65469690680993,31.05409125924904,2024-04-05T05:34:59Z
-97.65466809263584,31.054240996554928,2024-04-05T05:35:00Z
-97.65463411560684,31.05438890361849,2024-04-05T05:35:01Z